City,Cloudiness,Country,Date,Humidity,Lat,Lng,Max_Temp,Wind_Speed
kaeo,20,NZ,1554147484,96,-35.1,173.78,60.01,10.8
bredasdorp,80,ZA,1554148327,95,-34.53,20.04,62.44,9.01
carnarvon,0,ZA,1554148111,35,-30.97,22.13,48.94,12.37
lasa,40,CY,1554147978,87,34.92,32.53,55.4,2.24
dunedin,0,NZ,1554148298,66,-45.87,170.5,48.99,11.01
rikitea,0,PF,1554148328,100,-23.12,-134.97,76.48,15.39
port augusta,0,AU,1554148016,87,-32.49,137.76,57.0,5.82
caravelas,12,BR,1554148328,100,-17.73,-39.27,80.98,12.15
nazarovo,12,RU,1554148328,73,56.01,90.42,18.25,2.98
butaritari,56,KI,1554148328,100,3.07,172.79,83.5,11.25
honningsvag,75,NO,1554146400,74,70.98,25.97,30.2,13.87
yellowknife,40,CA,1554148190,57,62.45,-114.38,21.2,23.04
cancun,40,MX,1554147770,62,21.17,-86.85,86.0,17.22
khatanga,80,RU,1554148243,92,71.98,102.47,28.69,11.88
codrington,40,AU,1554148066,93,-28.95,153.24,62.6,4.32
erdenet,68,MN,1554148329,67,49.03,104.04,25.99,2.53
saint-philippe,1,CA,1554148323,37,45.36,-73.48,37.0,8.05
zhezkazgan,0,KZ,1554148330,76,47.8,67.71,27.79,2.98
san quintin,0,PH,1554148330,82,17.54,120.52,67.57,3.6
tasiilaq,90,GL,1554144600,68,65.61,-37.64,24.8,9.17
correntina,80,BR,1554148330,52,-13.34,-44.63,83.41,5.99
victoria,75,BN,1554145200,88,5.28,115.24,77.0,1.12
lorengau,88,PG,1554148293,97,-2.02,147.27,83.23,10.87
provideniya,24,RU,1554148331,100,64.42,-173.23,28.24,10.92
sabang,64,PH,1554148331,88,13.72,123.58,76.57,9.53
yozgat,88,TR,1554148331,96,39.82,34.81,38.59,2.75
flinders,0,AU,1554148298,93,-34.58,150.85,57.0,8.05
moerai,80,PF,1554148331,100,-22.43,-151.33,78.37,20.6
sherbakul,0,RU,1554145200,87,54.63,72.39,32.0,8.95
kavieng,76,PG,1554148200,100,-2.57,150.8,83.68,10.58
lagoa,20,PT,1554148028,77,37.14,-8.45,61.0,13.87
ahipara,48,NZ,1554148048,96,-35.17,173.16,65.68,12.82
ribeira grande,40,PT,1554147000,71,38.52,-28.7,57.2,16.11
dikson,80,RU,1554148283,99,73.51,80.55,26.8,24.63
namibe,8,AO,1554148290,94,-15.19,12.15,80.98,14.94
srednekolymsk,48,RU,1554148100,82,67.46,153.71,9.79,3.38
port hueneme,1,US,1554148210,27,34.15,-119.2,82.99,11.41
busselton,24,AU,1554147986,63,-33.64,115.35,64.0,8.01
borogontsy,32,RU,1554148333,68,62.67,131.17,9.34,4.72
mitsamiouli,20,KM,1554145200,88,-11.38,43.28,78.8,4.7
constitucion,5,MX,1554148216,10,23.99,-104.67,77.0,3.36
hermanus,12,ZA,1554147985,66,-34.42,19.24,57.0,8.99
raytown,40,US,1554148500,37,39.01,-94.46,57.0,8.05
riyadh,44,SA,1554145200,32,24.63,46.72,66.2,5.82
katobu,56,ID,1554148334,100,-4.94,122.53,80.71,5.77
sur,0,OM,1554148334,77,22.57,59.53,80.53,6.06
isangel,80,VU,1554148334,100,-19.55,169.27,79.9,12.77
hambantota,0,LK,1554148335,100,6.12,81.12,80.8,5.28
garissa,88,KE,1554148395,56,-0.46,39.64,85.12,9.64
ishigaki,64,JP,1554148395,100,24.34,124.16,69.46,18.92
lodwar,32,KE,1554148395,53,3.12,35.6,79.72,6.33
am timan,0,TD,1554148396,20,11.04,20.28,81.88,9.57
saint-augustin,0,FR,1554148233,58,44.83,-0.61,59.0,3.36
mahebourg,20,MU,1554147841,83,-20.41,57.7,75.99,3.36
port alfred,92,ZA,1554147569,80,-33.59,26.89,63.0,5.01
punta arenas,90,CL,1554147776,93,-53.16,-70.91,55.4,5.82
petropavlovsk-kamchatskiy,40,RU,1554145200,92,53.05,158.65,28.4,2.24
springbok,12,ZA,1554148396,40,-29.67,17.88,53.89,9.08
thompson,75,CA,1554145200,68,55.74,-97.86,32.0,13.87
ucluelet,40,CA,1554148053,47,48.94,-125.55,64.99,6.93
new norfolk,20,AU,1554147794,87,-42.78,147.06,45.0,11.41
rio grande,40,BR,1554145200,69,-32.03,-52.1,82.4,11.41
ekibastuz,0,KZ,1554148397,76,51.72,75.32,28.15,2.75
broome,0,GB,1554147838,87,52.47,1.45,48.99,4.7
kodiak,1,US,1554147794,9,39.95,-94.76,57.0,16.11
kayasula,92,RU,1554148397,95,44.33,45.0,41.92,10.02
port blair,8,IN,1554148353,100,11.67,92.75,83.68,4.32
nome,90,US,1554147825,41,30.04,-94.42,60.8,6.93
atuona,76,PF,1554147824,100,-9.8,-139.03,80.35,10.36
kiunga,88,PG,1554147880,97,-6.12,141.3,72.25,1.25
bluff,0,AU,1554147804,79,-23.58,149.07,62.62,9.64
norman wells,75,CA,1554145200,73,65.28,-126.83,26.6,12.75
barrow,20,AR,1554147884,35,-38.31,-60.23,83.23,11.32
copiapo,75,CL,1554145200,63,-27.37,-70.33,64.4,11.41
pierre,90,US,1554148221,74,44.37,-100.35,33.01,6.93
paracuru,64,BR,1554147753,91,-3.41,-39.03,77.0,5.99
east london,32,ZA,1554147804,100,-33.02,27.91,66.31,24.34
nelson bay,40,AU,1554148338,100,-32.72,152.14,64.99,8.05
chivilcoy,48,AR,1554148225,65,-34.9,-60.02,80.26,4.72
ushuaia,75,AR,1554145200,87,-54.81,-68.31,53.6,5.28
jamestown,0,AU,1554147823,83,-33.21,138.6,42.1,4.61
filingue,32,NE,1554147893,24,14.35,3.32,85.21,6.89
kapaa,1,US,1554147801,64,22.08,-159.32,75.2,6.22
alofi,40,NU,1554145200,78,-19.06,-169.92,78.8,6.93
hithadhoo,92,MV,1554147809,100,-0.6,73.08,83.23,6.85
mataura,92,NZ,1554147607,85,-46.19,168.86,48.99,9.64
vaini,0,IN,1554147815,91,15.34,74.49,66.49,1.07
baykit,88,RU,1554147866,82,61.68,96.39,27.25,9.01
tuktoyaktuk,20,CA,1554145200,77,69.44,-133.03,6.8,11.41
hilo,1,US,1554147740,61,19.71,-155.08,80.01,5.06
eenhana,88,NA,1554148403,36,-17.48,16.34,80.35,8.01
georgetown,40,GY,1554145200,52,6.8,-58.16,89.6,8.63
port-gentil,20,GA,1554145200,83,-0.72,8.78,84.2,11.41
slave lake,40,CA,1554145200,56,55.28,-114.77,42.8,14.99
manassas,1,US,1554148406,18,38.75,-77.48,51.01,9.17
albany,40,US,1554148449,34,42.65,-73.75,42.01,11.41
plonsk,0,PL,1554148168,40,52.62,20.38,43.0,5.82
vanavara,88,RU,1554148347,74,60.35,102.28,31.03,11.77
horizontina,32,BR,1554148465,79,-27.63,-54.31,80.71,3.71
nador,0,MA,1554145200,72,35.17,-2.93,62.6,3.36
castro,90,CL,1554145200,93,-42.48,-73.76,53.6,18.34
hobart,20,AU,1554148455,87,-42.88,147.33,45.0,11.41
talnakh,92,RU,1554147904,93,69.49,88.39,24.82,9.57
chuy,20,UY,1554147582,80,-33.69,-53.46,73.33,8.23
ust-maya,0,RU,1554148465,74,60.42,134.54,5.02,2.98
qaanaaq,8,GL,1554148466,86,77.48,-69.36,1.96,7.78
vaitape,76,PF,1554148466,100,-16.52,-151.75,83.86,5.99
yar-sale,12,RU,1554148466,74,66.83,70.83,13.48,4.09
kimbe,92,PG,1554147944,100,-5.56,150.15,75.85,2.19
kvarkeno,0,RU,1554148466,75,52.08,59.73,27.25,7.07
kasongo,56,CD,1554148467,77,-4.43,26.67,74.32,3.6
tura,0,IN,1554147889,94,25.52,90.21,62.89,4.76
severo-kurilsk,88,RU,1554148467,100,50.68,156.12,28.33,6.51
rawson,76,AR,1554147884,28,-43.3,-65.11,82.69,6.33
galesong,20,ID,1554145200,100,-5.32,119.37,77.0,1.12
kaitangata,92,NZ,1554148350,81,-46.28,169.85,45.0,4.0
chokurdakh,0,RU,1554148468,67,70.62,147.9,-0.66,4.32
saskylakh,0,RU,1554148468,59,71.97,114.09,7.81,5.88
mehriz,20,IR,1554145200,35,31.58,54.44,71.6,13.87
sherlovaya gora,0,RU,1554148468,51,50.53,116.31,6.46,2.98
cherskiy,80,RU,1554148298,72,68.75,161.3,22.03,6.4
avera,1,US,1554147847,25,33.19,-82.53,63.0,8.05
alice springs,0,AU,1554145200,37,-23.7,133.88,50.0,4.7
kruisfontein,48,ZA,1554148220,83,-34.0,24.73,57.76,8.57
luderitz,0,NA,1554148469,71,-26.65,15.16,61.63,20.38
muros,20,ES,1554148454,54,42.77,-9.06,59.0,6.93
guerrero negro,12,MX,1554147877,31,27.97,-114.04,81.07,7.4
salalah,40,OM,1554144600,74,17.01,54.1,80.6,5.82
upernavik,56,GL,1554148208,100,72.79,-56.15,17.44,7.0
duluth,40,US,1554148460,55,46.77,-92.13,41.0,5.84
cayenne,56,GF,1554145200,66,4.94,-52.33,84.2,16.11
avarua,76,CK,1554147000,74,-21.21,-159.78,80.6,10.29
konstantinovka,0,MD,1554147112,43,47.99,28.86,43.0,3.0
aklavik,75,CA,1554145200,79,68.22,-135.01,23.0,5.82
saint-felicien,75,CA,1554148120,49,48.65,-72.45,28.99,14.99
monrovia,40,LR,1554147000,83,6.33,-10.8,80.6,6.93
arraial do cabo,0,BR,1554145200,61,-22.97,-42.02,80.6,3.36
ormara,0,PK,1554148530,79,25.21,64.64,76.66,11.88
aguimes,40,ES,1554148233,72,27.91,-15.45,64.4,1.12
grand-lahou,8,CI,1554148531,80,5.24,-5.0,81.79,7.52
pochutla,5,MX,1554147984,70,15.74,-96.47,90.0,9.17
verkhnevilyuysk,0,RU,1554148531,83,63.45,120.31,18.43,6.22
meulaboh,92,ID,1554148531,100,4.14,96.13,77.38,4.32
jacareacanga,12,BR,1554148532,77,-6.22,-57.76,84.76,2.08
villarrobledo,48,ES,1554148207,88,39.27,-2.6,48.99,1.99
martapura,36,ID,1554145200,100,-3.41,114.85,75.2,4.7
andros town,40,BS,1554147918,54,24.73,-77.79,81.0,10.29
tabuk,88,PH,1554148396,96,17.41,121.44,65.95,1.7
ostrovnoy,88,RU,1554147936,85,68.05,39.51,21.13,14.27
sitka,0,US,1554148023,48,37.17,-99.65,55.0,3.0
sao jose da coroa grande,48,BR,1554148533,91,-8.9,-35.15,79.45,5.21
paka,0,HR,1554145200,50,45.29,18.06,53.6,8.05
abu zabad,0,SD,1554148533,26,12.35,29.25,69.28,9.35
nishihara,20,JP,1554148309,80,35.74,139.53,41.0,9.17
shaunavon,76,CA,1554148533,47,49.65,-108.41,45.7,16.96
geraldton,75,CA,1554145200,57,49.72,-86.95,32.0,19.46
ambon,0,FR,1554148516,67,47.55,-2.56,60.8,4.7
pedernales,100,EC,1554148534,67,0.07,-80.05,81.88,5.5
tiksi,8,RU,1554148534,69,71.64,128.87,4.48,2.53
vila velha,92,BR,1554147753,100,-3.71,-38.6,77.0,4.0
bethel,75,US,1554144960,69,60.79,-161.76,39.2,3.36
sao gabriel da cachoeira,40,BR,1554145200,59,-0.13,-67.09,91.4,4.7
luhyny,0,UA,1554148535,57,51.08,28.4,34.81,8.34
bathsheba,40,BB,1554145200,65,13.22,-59.52,82.4,20.8
okhotsk,8,RU,1554148267,86,59.36,143.24,18.88,7.56
ojinaga,1,US,1554147985,23,29.56,-104.41,66.0,3.36
katsuura,20,JP,1554145200,69,33.93,134.5,37.4,3.36
selikhino,48,RU,1554148536,72,50.37,137.51,12.4,2.48
samarai,92,PG,1554148536,100,-10.62,150.67,77.38,19.04
saint george,0,GR,1554144600,62,39.45,22.34,51.8,5.82
vilela,0,PT,1554148267,76,41.66,-8.33,59.0,3.36
kurumkan,32,RU,1554148537,57,54.33,110.32,2.86,1.7
los llanos de aridane,90,ES,1554148201,87,28.66,-17.92,60.8,14.99
aquiraz,92,BR,1554147753,96,-3.9,-38.39,77.0,4.0
bryan,90,US,1554148536,59,30.67,-96.37,57.99,3.36
gerash,0,IR,1554145200,46,27.67,54.14,71.6,0.18
grindavik,40,IS,1554147415,74,63.84,-22.43,35.01,19.46
mar del plata,64,AR,1554148538,52,-46.43,-67.52,69.46,24.4
wewak,88,PG,1554148538,98,-3.55,143.63,75.85,2.82
suba,92,CN,1554148598,100,28.73,103.51,53.26,2.48
pacific grove,1,US,1554148589,43,36.62,-121.92,73.99,3.71
cape town,0,ZA,1554148565,62,-33.93,18.42,60.01,17.22
leshukonskoye,44,RU,1554148599,71,64.9,45.76,27.88,7.74
fortuna,75,ES,1554148596,82,38.18,-1.13,60.01,5.82
noumea,0,NC,1554147000,93,-22.28,166.46,66.2,9.01
coihaique,75,CL,1554145200,82,-45.58,-72.07,55.4,17.22
vanderhoof,0,CA,1554148600,52,54.02,-124.02,47.86,3.6
beloha,0,MG,1554148491,85,-25.17,45.06,69.55,7.0
torrevieja,75,ES,1554148521,87,37.98,-0.68,60.01,5.82
lakeside,5,US,1554148594,34,32.86,-116.92,84.2,8.05
laguna,75,MX,1554144120,23,27.52,-110.01,84.2,6.93
ponta do sol,76,BR,1554148601,58,-20.63,-46.0,77.47,1.07
resende,24,BR,1554148601,90,-22.47,-44.45,64.69,0.69
nanchong,100,CN,1554148601,94,30.8,106.08,54.7,6.73
terre haute,1,US,1554148521,52,39.47,-87.41,51.01,6.93
klaksvik,68,FO,1554146400,93,62.23,-6.59,35.6,11.41
moranbah,0,AU,1554148602,85,-22.0,148.04,63.79,11.1
lompoc,1,US,1554148340,43,34.64,-120.46,79.0,2.86
bilibino,12,RU,1554148602,74,68.06,166.44,20.41,5.61
kenai,1,US,1554148324,69,60.55,-151.26,46.0,2.53
bambous virieux,20,MU,1554148442,83,-20.34,57.76,75.2,3.36
torbay,75,CA,1554148009,72,47.66,-52.73,59.0,28.86
vostok,12,RU,1554148603,62,46.45,135.83,2.59,1.86
eyl,80,SO,1554148603,100,7.98,49.82,75.85,4.27
adrar,0,DZ,1554145200,19,27.87,-0.29,78.8,4.7
nanortalik,92,GL,1554148603,100,60.14,-45.24,27.61,23.4
huarmey,44,PE,1554148603,63,-10.07,-78.15,76.3,4.54
novaya zaimka,8,RU,1554148604,90,56.49,66.92,35.71,18.07
novyy urengoy,88,RU,1554148604,84,66.08,76.63,21.49,10.76
mudgal,12,IN,1554148604,51,16.02,76.43,76.03,10.02
airai,24,TL,1554148604,89,-8.93,125.41,66.94,1.25
jangaon,0,IN,1554148604,72,17.72,79.16,71.98,11.14
dhidhdhoo,64,MV,1554148605,100,6.88,73.1,82.15,2.59
lypnyazhka,0,UA,1554148605,46,48.45,31.08,38.68,15.35
thinadhoo,56,MV,1554148589,100,0.53,72.93,83.41,6.73
khor,48,RU,1554148605,65,47.88,134.96,10.78,3.31
belmonte,32,PT,1554147916,86,40.36,-7.35,51.01,5.01
mporokoso,32,ZM,1554148491,94,-9.37,30.12,62.08,3.31
nuuk,75,GL,1554147750,45,64.17,-51.74,24.8,4.7
bridlington,0,GB,1554148369,81,54.08,-0.19,45.0,11.41
tornio,0,FI,1554148304,47,61.12,27.27,37.4,13.87
wanaka,64,NZ,1554148606,61,-44.7,169.14,42.46,2.08
jining,0,CN,1554148606,54,35.41,116.58,39.94,9.35
ancud,90,CL,1554145200,93,-41.87,-73.83,53.6,18.34
nikolskoye,0,RU,1554148536,69,59.7,30.79,36.0,8.95
sivaki,0,RU,1554148667,63,52.63,126.75,8.53,6.11
rio gallegos,75,AR,1554145200,72,-51.62,-69.22,59.0,2.24
santa marta,75,CO,1554148542,52,11.24,-74.21,93.2,18.34
hualmay,32,PE,1554148668,71,-11.1,-77.61,73.87,6.11
udachnyy,64,RU,1554148668,88,66.42,112.4,29.68,4.88
cabo san lucas,5,MX,1554148027,36,22.89,-109.91,87.01,10.29
tairua,0,NZ,1554148600,74,-37.02,175.85,64.99,8.01
sao filipe,0,CV,1554148668,97,14.9,-24.5,70.81,14.56
lamu,20,ID,1554148668,100,0.57,122.3,70.72,3.27
belaya gora,8,RU,1554148669,69,68.54,146.19,-1.56,5.5
viedma,0,AR,1554148669,32,-40.81,-62.99,87.19,14.05
varhaug,75,NO,1554148505,60,58.61,5.65,39.2,14.99
kahului,20,US,1554148481,65,20.89,-156.47,80.6,5.82
marfino,0,RU,1554148199,93,56.07,37.56,35.6,6.71
cidreira,0,BR,1554148669,71,-30.17,-50.22,77.38,11.77
ankara,40,TR,1554148568,60,39.92,32.85,46.4,6.93
vardo,1,US,1554148577,31,39.62,-77.74,48.99,10.29
abu samrah,12,SY,1554148670,91,35.3,37.18,48.85,10.36
anloga,20,GH,1554145200,83,5.79,0.9,84.2,11.41
pingshan,92,CN,1554148670,99,28.83,104.35,57.94,4.09
sola,75,NO,1554148505,60,58.89,5.65,39.2,14.99
ranong,68,TH,1554148671,100,9.96,98.62,82.42,3.6
tautira,75,PF,1554148359,66,-17.73,-149.15,87.8,12.75
komsomolskiy,56,RU,1554148511,91,67.55,63.78,25.18,16.17
lebu,75,ET,1554145200,63,8.96,38.73,62.6,12.75
pangnirtung,20,CA,1554145200,65,66.15,-65.72,6.8,2.24
miri,12,NG,1554148672,33,10.31,9.75,73.96,5.73
isla vista,1,US,1554148639,43,34.41,-119.86,78.01,5.39
teguldet,48,RU,1554148672,91,57.31,88.17,28.42,5.84
itaqui,44,BR,1554148672,78,-29.13,-56.55,80.35,7.56
aragarcas,20,BR,1554145200,44,-15.9,-52.25,93.2,3.04
pregradnoye,76,RU,1554148673,90,45.82,41.75,43.99,10.02
talcahuano,0,CL,1554145200,59,-36.72,-73.12,66.2,14.99
monmouth,12,GB,1554148445,53,51.81,-2.72,51.8,3.36
benito juarez,44,MX,1554148578,21,28.64,-111.57,90.0,5.99
pushkinskiye gory,0,RU,1554148674,66,57.02,28.91,29.05,5.1
mount gambier,44,AU,1554145200,93,-37.83,140.78,42.8,6.93
mehamn,40,NO,1554146400,80,71.03,27.85,30.2,17.22
karaton,20,ID,1554148365,83,-6.34,106.1,78.8,8.05
longyearbyen,20,NO,1554144600,60,78.22,15.63,10.4,11.41
fenoarivo atsinanana,100,MG,1554148675,89,-17.38,49.41,74.86,2.71
emerald,0,AU,1554148241,77,-23.53,148.16,62.6,6.93
labuhan,24,ID,1554148735,97,-2.54,115.51,71.35,2.19
zyryanka,76,RU,1554148735,76,65.73,150.89,9.61,5.84
hamilton,75,CA,1554148733,55,43.26,-79.87,39.99,12.75
opuwo,8,NA,1554148736,82,-18.06,13.84,64.96,4.05
athens,90,US,1554148424,29,34.8,-86.97,59.0,6.93
banamba,8,ML,1554148736,43,13.55,-7.45,85.84,6.51
fez,40,MA,1554145200,67,34.03,-5.02,60.8,4.7
san cristobal,75,EC,1554147905,64,-0.39,-78.55,68.0,16.11
kununurra,24,AU,1554147000,82,-15.77,128.74,64.4,1.12
winneba,40,GH,1554145200,83,5.35,-0.62,84.2,10.29
acajutla,8,SV,1554148510,71,13.59,-89.83,84.99,3.0
currais novos,64,BR,1554148570,75,-6.26,-36.52,79.18,6.22
fleetwood,1,US,1554148735,26,40.45,-75.82,46.99,11.41
lieksa,56,FI,1554148623,77,63.32,30.02,30.58,6.85
pechenga,0,RU,1554148738,87,58.89,41.46,27.07,8.3
veraval,0,FR,1554148374,62,49.65,0.71,62.01,5.82
puerto ayora,20,EC,1554147991,70,-0.74,-90.35,86.0,14.99
kihei,20,US,1554148481,65,20.76,-156.45,80.6,5.82
koumac,56,NC,1554148738,93,-20.56,164.28,76.84,5.77
matola,75,MZ,1554145200,69,-25.97,32.47,78.8,13.87
zambezi,0,ZM,1554148496,56,-13.55,23.12,70.63,6.33
bilma,20,NE,1554148739,26,18.69,12.92,71.71,6.55
jardim,20,BR,1554148739,59,-21.48,-56.15,85.57,7.0
kishi,12,NG,1554148740,54,9.08,3.85,83.86,6.06
faanui,68,PF,1554148740,100,-16.48,-151.75,82.78,6.33
lagos,40,NG,1554145200,79,6.46,3.39,86.0,6.93
aykhal,76,RU,1554148740,89,65.95,111.51,28.96,6.89
kungurtug,0,RU,1554148740,66,50.6,97.53,9.43,2.48
livingston,1,US,1554148005,29,32.58,-88.19,62.01,4.7
beringovskiy,92,RU,1554148741,100,63.05,179.32,31.12,8.9
grand gaube,20,MU,1554148442,83,-20.01,57.66,75.2,3.36
stillwater,40,US,1554148572,32,36.12,-97.06,57.0,7.4
gweta,20,BW,1554148742,29,-20.21,25.26,76.84,11.77
akureyri,0,IS,1554145200,40,65.68,-18.09,35.6,5.82
hurricane,1,US,1554148210,18,37.18,-113.29,66.99,3.36
umm kaddadah,0,SD,1554148742,18,13.6,26.69,72.07,11.88
broken hill,0,AU,1554145200,66,-31.97,141.45,55.4,4.99
iqaluit,20,CA,1554148339,71,63.75,-68.52,6.8,4.7
mildura,0,AU,1554147939,71,-34.18,142.16,50.0,6.06
havre-saint-pierre,90,CA,1554147780,88,50.23,-63.6,32.0,17.22
san juan del sur,0,NI,1554145200,52,11.25,-85.87,87.8,6.93
sambava,68,MG,1554148743,100,-14.27,50.17,81.79,6.29
manokwari,44,ID,1554148804,100,-0.87,134.08,80.98,11.59
kirkwall,76,GB,1554148518,81,58.98,-2.96,44.6,16.11
siavonga,0,ZW,1554148808,71,-16.54,28.71,73.78,3.31
meadow lake,90,CA,1554145200,56,54.13,-108.44,41.0,24.16
hasaki,75,JP,1554148475,93,35.73,140.83,35.6,4.7
karratha,0,AU,1554148812,90,-20.74,116.85,76.21,7.52
pandan,0,PH,1554148812,100,11.72,122.09,79.54,18.19
san jose,80,PH,1554148603,98,15.79,120.99,71.08,2.19
dauphin,75,CA,1554145200,60,51.15,-100.04,42.8,24.16
aswan,64,EG,1554148821,45,24.09,32.9,56.32,2.98
bertoua,0,CM,1554148821,56,4.58,13.68,77.92,5.88
kalna,40,IN,1554147000,88,23.22,88.36,80.6,4.7
kangundo,20,KE,1554147000,46,-1.3,37.35,73.4,9.17
peniche,20,PT,1554148807,82,39.36,-9.38,57.2,8.05
rivera,76,UY,1554148823,72,-30.9,-55.54,79.81,4.05
zhanakorgan,0,KZ,1554148824,89,43.91,67.25,37.33,2.86
messina,40,IT,1554148802,67,38.19,15.55,59.0,2.24
waddan,0,LY,1554148824,29,29.16,16.14,70.99,11.54
tsiroanomandidy,56,MG,1554148824,92,-18.77,46.05,64.06,2.75
pevek,12,RU,1554148824,73,69.7,170.27,20.77,14.34
black river,20,JM,1554145200,70,18.03,-77.85,84.2,21.92
kirakira,92,SB,1554148825,100,-10.46,161.92,83.68,9.42
katherine,8,AU,1554147000,77,-14.47,132.26,68.0,4.7
karangampel,12,ID,1554148825,100,-6.46,108.44,78.82,4.5
russell,20,AR,1554145200,44,-33.01,-68.8,80.6,4.7
loikaw,0,MM,1554148826,79,19.67,97.21,62.17,2.98
shubarshi,36,KZ,1554148826,76,48.59,57.19,33.46,8.41
ugoofaaru,0,MV,1554148586,100,5.67,73.0,83.41,1.7
olinda,64,EC,1554148793,81,-2.03,-79.75,82.0,1.99
george,40,NG,1554145200,79,6.63,3.35,86.0,6.93
quime,24,BO,1554148827,52,-16.98,-67.22,64.15,1.86
poum,20,MK,1554145200,25,41.28,20.71,51.8,3.36
khasan,0,RU,1554148827,100,42.43,130.64,27.61,9.24
naze,76,NG,1554148827,90,5.43,7.07,77.38,6.51
bom jesus,40,BR,1554145200,100,-5.99,-35.58,80.6,2.24
vuktyl,64,RU,1554148589,79,63.86,57.31,27.88,5.73
pak phanang,80,TH,1554148828,100,8.35,100.2,81.97,2.37
chikhli,0,IN,1554148828,97,20.76,73.06,70.09,8.52
husavik,32,CA,1554148825,52,50.56,-96.99,44.01,11.99
aitape,44,PG,1554148829,97,-3.15,142.36,79.9,6.22
gonzalez,88,CO,1554148829,81,8.39,-73.38,76.57,1.19
soyo,20,AO,1554145200,70,-6.13,12.37,84.2,4.7
north bend,90,US,1554148530,93,43.41,-124.22,59.0,2.98
palmer,0,AU,1554148825,87,-34.85,139.16,60.01,5.82
galveston,75,US,1554148522,52,40.58,-86.19,46.4,14.99
chapais,90,CA,1554146400,62,49.78,-74.86,24.8,16.11
khandyga,0,RU,1554148770,67,62.65,135.58,1.78,2.53
sawankhalok,0,TH,1554147893,48,17.31,99.83,86.0,4.09
san carlos de bariloche,75,AR,1554145200,19,-41.13,-71.31,69.8,27.51
terrace,5,CA,1554145200,40,54.52,-128.61,51.8,19.46
atikokan,12,CA,1554148891,46,48.76,-91.62,36.61,8.34
todos santos,5,MX,1554148883,28,23.45,-110.23,88.0,11.41
lagunas,12,PE,1554148892,70,-5.23,-75.68,86.92,3.09
turukhansk,80,RU,1554148892,93,65.8,87.96,28.33,9.8
langxiang,8,CN,1554148892,53,46.95,128.87,14.47,4.27
kasempa,0,ZM,1554148870,79,-13.46,25.83,64.69,2.98
west bay,0,GB,1554148892,81,50.71,-2.76,51.01,2.24
clyde river,75,CA,1554145200,84,70.47,-68.59,-0.41,5.82
taranto,0,IT,1554148811,87,40.47,17.24,59.0,2.24
kailua,40,US,1554148773,57,21.39,-157.74,78.01,8.05
brandfort,8,ZA,1554145200,48,-28.7,26.46,62.6,2.24
burnie,0,AU,1554148838,85,-41.05,145.91,50.0,4.72
astana,0,KZ,1554147000,71,51.13,71.43,32.0,6.71
moron,12,VE,1554148894,70,10.49,-68.2,78.46,4.88
foeni,0,RO,1554148750,41,45.5,20.88,59.0,20.8
leh,56,IN,1554148894,79,34.16,77.58,5.65,1.19
kamaishi,0,JP,1554148894,88,39.28,141.86,26.35,5.21
te anau,88,NZ,1554148894,97,-45.41,167.72,41.83,3.49
port hardy,20,CA,1554145200,87,50.7,-127.42,44.6,3.36
salta,90,AR,1554145200,88,-24.79,-65.41,78.8,8.05
tilichiki,92,RU,1554148895,93,60.47,166.1,33.37,9.08
canton,1,US,1554148627,37,40.8,-81.38,42.01,4.7
kazerun,92,IR,1554148895,73,29.62,51.65,53.8,1.36
coronel fabriciano,0,BR,1554145200,52,-19.52,-42.63,87.8,6.93
san miguel,0,AR,1554148810,78,-34.54,-58.72,82.0,8.05
acapulco,5,MX,1554144420,58,16.86,-99.88,84.2,11.41
alakurtti,20,RU,1554148290,84,66.96,30.34,27.0,1.01
araouane,0,ML,1554148898,29,18.9,-3.53,85.57,11.25
egvekinot,68,RU,1554148882,95,66.32,-179.17,26.08,3.2
biak,32,ID,1554148898,100,-0.91,122.88,76.57,3.27
le port,76,FR,1554148893,70,42.87,1.37,54.0,5.99
illertissen,20,DE,1554148874,66,48.22,10.11,51.01,6.93
okitipupa,8,NG,1554148900,85,6.5,4.78,79.81,5.21
saint-pierre,0,FR,1554148625,50,48.95,4.24,57.2,8.05
cagliari,40,IT,1554148861,69,46.38,10.88,48.99,9.17
houston,90,US,1554148866,58,29.76,-95.37,57.0,5.82
amzya,0,RU,1554148901,88,56.24,54.39,26.8,2.59
vire,36,FR,1554148840,87,48.84,-0.89,51.01,3.36
jawhar,0,IN,1554148961,91,19.91,73.23,60.55,2.48
hailun,76,CN,1554148962,40,47.46,126.97,21.85,8.63
kitui,88,KE,1554148962,93,-1.37,38.02,66.04,4.54
shahpura,0,IN,1554148962,35,25.63,74.93,65.59,1.97
aba,76,NG,1554148962,90,5.11,7.36,77.38,6.51
nenzing,32,AT,1554148887,76,47.18,9.7,53.6,1.12
esperance,20,TT,1554148855,49,10.24,-61.45,89.6,14.99
caxito,20,BR,1554145200,57,-22.65,-42.51,80.6,12.75
sao joao da barra,75,BR,1554145200,65,-21.64,-41.05,78.8,13.87
walvis bay,0,NA,1554148932,84,-22.95,14.51,62.01,5.01
anzio,0,IT,1554148773,71,41.45,12.63,59.0,1.12
deep river,75,CA,1554145200,59,46.1,-77.49,37.4,9.17
chirnside,88,GB,1554148884,83,55.8,-2.21,45.0,8.01
businga,44,CD,1554148964,94,3.34,20.89,72.97,1.97
azanka,80,RU,1554148964,81,58.04,64.79,35.08,13.44
kushiro,88,JP,1554148964,77,43.11,144.15,19.78,3.04
omboue,32,GA,1554148964,98,-1.57,9.26,84.58,11.81
fort nelson,75,CA,1554145200,52,58.81,-122.69,41.0,3.31
murayama,24,JP,1554148965,77,38.52,140.33,24.91,2.75
teahupoo,75,PF,1554148959,66,-17.83,-149.27,87.8,12.75
jumla,0,NP,1554148965,95,29.28,82.18,22.75,1.7
neiafu,75,TO,1554145200,94,-18.65,-173.98,77.0,2.24
cuamba,12,MZ,1554148966,69,-14.8,36.54,65.77,3.71
marsh harbour,64,BS,1554148966,100,26.54,-77.06,76.84,7.07
souillac,0,FR,1554148846,58,45.6,-0.6,59.0,3.36
bubaque,0,GW,1554148966,95,11.28,-15.83,82.06,11.03
pimentel,64,BR,1554148966,78,-3.7,-45.5,81.34,3.71
bonthe,32,SL,1554148967,79,7.53,-12.5,83.95,4.83
polson,90,US,1554148874,53,47.69,-114.16,51.01,10.29
kautokeino,64,NO,1554148934,80,69.01,23.04,25.72,5.61
kattivakkam,20,IN,1554147216,83,13.22,80.32,84.2,9.17
turbat,0,PK,1554148967,32,26.0,63.05,82.15,7.07
padang,64,ID,1554148967,100,-0.92,100.36,82.69,4.88
gambela,8,ET,1554148968,65,8.25,34.59,66.58,3.04
novoagansk,88,RU,1554148968,90,61.94,76.66,33.46,10.8
kulhudhuffushi,64,MV,1554148968,100,6.62,73.07,82.15,2.59
mayo,5,CA,1554145200,48,63.59,-135.9,42.8,4.7
port said,0,EG,1554148969,38,25.34,30.55,52.54,4.05
teknaf,8,BD,1554148969,94,20.86,92.31,71.35,2.82
la ronge,90,CA,1554146040,56,55.1,-105.3,32.0,13.87
adela,80,AR,1554148969,46,-35.68,-57.95,79.63,8.08
kavaratti,0,IN,1554148969,100,10.57,72.64,83.41,9.01
hofn,90,IS,1554145200,100,64.25,-15.21,33.8,10.29
sibolga,64,ID,1554148694,100,1.74,98.78,68.11,1.97
gold coast,75,AU,1554148956,72,-28.0,153.41,68.0,10.29
vestmannaeyjar,32,IS,1554148970,97,63.44,-20.27,34.45,19.71
high level,90,CA,1554145200,59,58.52,-117.13,37.4,16.11
zeya,0,RU,1554149030,70,53.74,127.27,7.99,2.3
pahalgam,8,IN,1554149031,76,34.03,75.33,6.91,2.04
port elizabeth,1,US,1554149011,33,39.31,-74.98,54.0,16.11
zhuhai,0,CN,1554145200,18,40.71,112.04,39.2,2.24
kandi,0,BJ,1554149031,55,11.13,2.93,80.35,2.98
lisakovsk,0,KZ,1554149031,88,52.55,62.49,32.83,11.36
gat,0,SN,1554147000,60,14.69,-16.54,71.6,18.34
evensk,92,RU,1554149032,84,61.92,159.24,33.46,12.88
dong hoi,92,VN,1554149032,100,17.48,106.6,71.44,2.26
thyboron,48,DK,1554148936,82,56.7,8.21,39.99,11.54
college,1,US,1554148713,69,64.86,-147.8,44.01,6.93
svetlogorsk,40,RU,1554147000,55,53.14,59.15,39.2,11.18
bogale,0,MM,1554149033,100,16.29,95.4,74.77,8.34
maniitsoq,48,GL,1554149033,85,65.42,-52.9,20.32,9.08
san vicente,20,SV,1554148828,55,13.64,-88.78,93.2,9.17
marawi,56,PH,1554148883,90,8.0,124.29,73.99,4.0
cam ranh,20,VN,1554147000,73,11.92,109.15,77.0,6.93
tuatapere,92,NZ,1554148809,85,-46.13,167.69,48.99,11.43
ilheus,40,BR,1554145200,79,-14.79,-39.05,84.2,11.41
port lincoln,0,AU,1554149035,100,-34.72,135.86,59.65,12.77
half moon bay,90,US,1554149034,72,37.46,-122.43,66.99,11.41
tiznit,44,MA,1554149035,87,29.7,-9.73,57.76,4.54
nampula,0,MZ,1554148778,79,-15.12,39.26,67.93,3.76
kamenka,36,RU,1554149036,90,53.19,44.05,34.36,5.21
natal,40,BR,1554145200,78,-5.81,-35.21,80.6,3.36
marinette,90,US,1554149011,86,45.1,-87.63,35.01,14.99
ilulissat,20,GL,1554144600,52,69.22,-51.1,17.6,25.28
plover,90,US,1554149002,42,44.46,-89.54,44.6,8.05
mana,0,RS,1554147000,30,43.52,20.24,57.2,2.24
khani,90,GE,1554147000,93,41.96,42.96,44.6,5.82
arrifes,75,PT,1554148995,67,37.77,-25.7,57.2,23.04
ayan,12,TR,1554149038,71,40.67,33.6,25.54,2.71
yumen,80,CN,1554149038,47,40.29,97.04,41.38,9.13
northam,0,GB,1554148929,81,51.04,-4.21,48.0,2.24
merauke,92,ID,1554149038,100,-8.49,140.4,75.67,10.13
hovd,0,NO,1554148865,100,63.83,10.7,39.0,4.7
qinhuangdao,92,CN,1554149038,64,39.94,119.59,32.2,2.53
kharp,0,RU,1554149039,63,66.82,65.8,11.05,7.34
nyagan,48,RU,1554149039,90,62.14,65.43,29.14,9.91
vilyuysk,0,RU,1554149039,83,63.75,121.63,18.43,6.22
itarema,48,BR,1554149039,88,-2.92,-39.92,80.8,4.61
terme,75,TR,1554144600,70,41.21,36.97,48.2,3.36
baghdad,0,IQ,1554145200,100,33.3,44.38,51.8,9.17
ponta delgada,75,PT,1554148995,67,37.73,-25.67,57.2,23.04
toora-khem,24,RU,1554149100,81,52.47,96.11,22.39,2.19
selenduma,48,RU,1554149100,68,50.92,106.24,25.18,2.3
juli,24,PE,1554149100,74,-16.21,-69.46,55.78,5.84
kalmunai,12,LK,1554149101,97,7.42,81.82,75.58,3.76
tupik,0,RU,1554149101,65,54.43,119.94,6.55,3.49
erenhot,0,CN,1554149096,62,43.65,111.97,15.46,2.53
vangaindrano,80,MG,1554149101,95,-23.35,47.6,72.97,2.08
vanimo,80,PG,1554149058,97,-2.67,141.3,83.86,16.35
basco,1,US,1554148996,43,40.33,-91.2,53.01,16.11
miami,40,US,1554149012,48,25.77,-80.19,87.01,12.75
kieta,64,PG,1554149102,100,-6.22,155.63,77.65,2.86
nokaneng,8,BW,1554149102,56,-19.66,22.19,73.06,5.21
shushenskoye,0,RU,1554147000,85,53.33,91.95,21.2,2.24
sai buri,20,TH,1554149102,96,6.7,101.62,74.32,2.59
saint-joseph,0,FR,1554148890,54,43.56,6.97,59.0,2.24
robertsport,56,LR,1554149103,97,6.75,-11.37,83.14,6.85
siparia,20,TT,1554148855,49,10.14,-61.51,89.6,14.99
port macquarie,75,AU,1554148805,100,-31.43,152.91,63.0,5.82
carmen,36,PH,1554149104,92,7.2,124.8,72.79,2.59
san benito,48,CO,1554149105,91,6.13,-73.51,68.83,1.03
nevelsk,20,RU,1554147000,92,46.67,141.86,8.6,6.55
tateyama,80,JP,1554149016,99,36.66,137.31,43.0,2.59
honiara,44,SB,1554149105,91,-9.43,159.96,78.19,2.71
ninghai,0,CN,1554148935,76,29.29,121.42,48.2,4.47
ulaangom,0,MN,1554148893,60,49.98,92.07,12.13,1.86
mangrol,0,IN,1554149106,47,25.33,76.51,63.79,2.82
kachug,12,RU,1554149106,91,53.96,105.89,30.22,6.22
chipata,20,ZM,1554149106,69,-13.64,32.65,70.45,6.78
visby,0,SE,1554148967,91,57.64,18.3,32.0,8.05
do gonbadan,0,IR,1554145200,82,30.36,50.8,57.2,0.51
qasigiannguit,20,GL,1554144600,52,68.82,-51.19,17.6,25.28
wangaratta,64,AU,1554148833,100,-36.36,146.32,52.0,3.38
kholtoson,44,RU,1554149107,70,50.3,103.31,23.65,2.98
muskegon,90,US,1554149104,35,43.23,-86.25,44.01,23.04
zaliznychne,0,UA,1554145200,53,47.65,36.17,51.8,24.61
saint anthony,40,US,1554148896,29,43.97,-111.68,54.0,8.05
king city,1,US,1554148901,40,36.21,-121.13,73.0,2.82
kuytun,12,RU,1554149108,74,54.34,101.51,26.89,4.38
nizhniy kuranakh,0,RU,1554149109,64,58.84,125.49,7.36,2.37
atar,0,MR,1554149043,34,20.52,-13.05,65.23,2.3
kampot,75,KH,1554147000,88,10.62,104.18,77.0,4.7
kolokani,44,ML,1554149109,39,13.58,-8.03,87.64,6.89
yarmouth,0,GB,1554149104,87,50.71,-1.5,50.0,3.36
pangkalanbuun,24,ID,1554149109,96,-2.68,111.62,71.71,3.49
waingapu,8,ID,1554149170,98,-9.65,120.26,69.01,2.98
kroya,8,ID,1554149170,95,-6.5,108.06,69.91,2.53
tessalit,0,ML,1554149071,29,20.2,1.01,81.88,12.15
ulladulla,76,AU,1554148818,93,-35.36,150.48,55.99,8.05
buala,92,SB,1554149092,98,-8.15,159.59,80.26,5.88
jiayuguan,48,CN,1554149170,72,39.77,98.29,29.05,4.5
haines junction,0,CA,1554149171,40,60.75,-137.51,45.61,2.82
launceston,90,AU,1554148820,81,-41.43,147.14,51.01,5.82
faya,0,SA,1554145200,77,18.39,42.45,64.4,11.41
mecca,0,SA,1554148937,48,21.43,39.83,56.86,4.61
guatire,40,VE,1554148906,100,10.47,-66.54,84.2,4.21
milford,1,US,1554149137,23,40.77,-97.05,62.01,16.11
esperantina,88,BR,1554149172,93,-3.89,-42.23,77.38,3.2
lashio,0,MM,1554149172,83,22.93,97.75,61.72,1.3
mogzon,0,RU,1554149172,61,51.74,111.97,9.61,2.59
seddon,0,NZ,1554148901,86,-41.67,174.07,53.01,5.61
svetlaya,36,RU,1554149173,100,46.54,138.33,25.45,11.36
tokmak,92,UA,1554149173,58,47.26,35.7,55.15,16.46
evanston,40,US,1554149172,52,42.04,-87.69,50.0,18.34
